ID Group,Group,ID Subgroup,Subgroup,ID Occupation,Occupation,ID Year,Year,ID State,State,Workforce by Occupation and Gender,Workforce by Occupation and Gender Moe,ACS Occupation yg RCA,Geography,ID Geography,Slug Geography,Median Earnings,Median Earnings Moe,Workforce Prev,Workforce Growth,Median Earnings Prev,Median Earnings Growth,Share
0,"Management, Business, Science, & Arts Occupations",0,"Management, Business, & Financial Occupations",0,"Management Occupations",2020,"2020","04000US06","California",201655,3336.8359264428927,0.9527407147427551,"Los Angeles, CA","16000US0644000","los-angeles-ca",147944,2912,193588,4.167097134119883,141961,4.214537795591747,10.007086419581544
0,"Management, Business, Science, & Arts Occupations",0,"Management, Business, & Financial Occupations",1,"Business & Financial Operations Occupations",2020,"2020","04000US06","California",108938,2778.2600670203647,0.9789131011508555,"Los Angeles, CA","16000US0644000","los-angeles-ca",136895,4037,106250,2.5298823529411765,132912,2.9967196340435778,5.406025044637496
0,"Management, Business, Science, & Arts Occupations",1,"Computer, Engineering, & Science Occupations",2,"Computer & Mathematical Occupations",2020,"2020","04000US06","California",50906,1768.7651059425611,0.7763056296446073,"Los Angeles, CA","16000US0644000","los-angeles-ca",151426,5916,48483,4.997628034568818,147857,2.413818757312809,2.5261994062890483
0,"Management, Business, Science, & Arts Occupations",1,"Computer, Engineering, & Science Occupations",3,"Architecture & Engineering Occupations",2020,"2020","04000US06","California",28250,1365.3765048513176,0.7075705213538029,"Los Angeles, CA","16000US0644000","los-angeles-ca",161213,10847,26106,8.212671416532597,153655,4.918811623442127,1.4019002323432526
0,"Management, Business, Science, & Arts Occupations",1,"Computer, Engineering, & Science Occupations",4,"Life, Physical, & Social Science Occupations",2020,"2020","04000US06","California",17003,1014.0700173064976,0.8490850625551886,"Los Angeles, CA","16000US0644000","los-angeles-ca",123577,9166,16358,3.943024819660105,117627,5.058362450797861,0.8437702531161886
0,"Management, Business, Science, & Arts Occupations",2,"Education, Legal, Community Service, Arts, & Media Occupations",5,"Community & Social Service Occupations",2020,"2020","04000US06","California",30794,1258.6059748785558,0.8606075415833173,"Los Angeles, CA","16000US0644000","los-angeles-ca",88535,4820,29518,4.322786096619012,87572,1.0996665600876994,1.5281456904346238
0,"Management, Business, Science, & Arts Occupations",2,"Education, Legal, Community Service, Arts, & Media Occupations",6,"Legal Occupations",2020,"2020","04000US06","California",36983,1586.0624199570457,1.6076160805045123,"Los Angeles, CA","16000US0644000","los-angeles-ca",215184,15121,34379,7.57439134355275,218610,-1.5671744202003568,1.8352734970885138
0,"Management, Business, Science, & Arts Occupations",2,"Education, Legal, Community Service, Arts, & Media Occupations",7,"Education Instruction, & Library Occupations",2020,"2020","04000US06","California",101016,2322.4067257911565,0.8181877698040123,"Los Angeles, CA","16000US0644000","los-angeles-ca",78961,3863,98551,2.501243011232763,78924,0.04688054330748568,5.012897482137558
0,"Management, Business, Science, & Arts Occupations",2,"Education, Legal, Community Service, Arts, & Media Occupations",8,"Arts, Design, Entertainment, Sports, & Media Occupations",2020,"2020","04000US06","California",140988,2659.8981183496485,3.4247901516559627,"Los Angeles, CA","16000US0644000","los-angeles-ca",114414,3067,138280,1.9583453861729823,110648,3.4035861470609503,6.996499467526035
0,"Management, Business, Science, & Arts Occupations",3,"Healthcare Practitioners & Technical Occupations",9,"Health Diagnosing & Treating Practitioners & Other Technical Occupations",2020,"2020","04000US06","California",61982,1750.6256024633021,0.7383824227978759,"Los Angeles, CA","16000US0644000","los-angeles-ca",180900,6917,61020,1.5765322844968863,177527,1.8999926771702333,3.0758435469415746
0,"Management, Business, Science, & Arts Occupations",3,"Healthcare Practitioners & Technical Occupations",10,"Health Technologists & Technicians",2020,"2020","04000US06","California",28836,1385.418709271677,0.729848373905531,"Los Angeles, CA","16000US0644000","los-angeles-ca",90323,6732,27927,3.254914598775379,87745,2.93805914866944,1.4309803575168154
1,"Service Occupations",4,"Service Occupations",11,"Healthcare Support Occupations",2020,"2020","04000US06","California",76441,2291.0838046653816,1.1584394926627517,"Los Angeles, CA","16000US0644000","los-angeles-ca",45194,2012,75166,1.6962456429768777,42666,5.925092579571556,3.7933683419663926
1,"Service Occupations",4,"Service Occupations",14,"Food Preparation & Serving Related Occupations",2020,"2020","04000US06","California",127664,2776.9056519802757,1.1402064473640474,"Los Angeles, CA","16000US0644000","los-angeles-ca",42938,883,130980,-2.531684226599481,41364,3.805241272604197,6.3352988057298765
1,"Service Occupations",4,"Service Occupations",15,"Building & Grounds Cleaning & Maintenance Occupations",2020,"2020","04000US06","California",106142,2740.6174486783084,1.4321796670291165,"Los Angeles, CA","16000US0644000","los-angeles-ca",42718,915,112343,-5.519703052259598,40833,4.616364215218083,5.267274140225753
1,"Service Occupations",4,"Service Occupations",16,"Personal Care & Service Occupations",2020,"2020","04000US06","California",64720,2237.7028399678097,1.1748712884634134,"Los Angeles, CA","16000US0644000","los-angeles-ca",45091,2151,67391,-3.963437254232761,44278,1.836126292967162,3.2117162137081525
1,"Service Occupations",5,"Protective Service Occupations",12,"Fire Fighting & Prevention, & Other Protective Service Workers Including Supervisors",2020,"2020","04000US06","California",25483,1175.3080447269986,1.0786997686726538,"Los Angeles, CA","16000US0644000","los-angeles-ca",52540,2989,26669,-4.447110877798193,50781,3.4638939760934204,1.2645884467540922
1,"Service Occupations",5,"Protective Service Occupations",13,"Law Enforcement Workers Including Supervisors",2020,"2020","04000US06","California",6056,613.2087735836793,0.3108636706169706,"Los Angeles, CA","16000US0644000","los-angeles-ca",151404,28803,5351,13.175107456550178,137180,10.368858434174077,0.3005277099848049
2,"Sales & Office Occupations",6,"Sales & Office Occupations",17,"Sales & Related Occupations",2020,"2020","04000US06","California",197815,3067.475998276107,0.9812819630539077,"Los Angeles, CA","16000US0644000","los-angeles-ca",60297,1985,202384,-2.257589532769389,58313,3.402328811757241,9.816527237556832
2,"Sales & Office Occupations",6,"Sales & Office Occupations",18,"Office & Administrative Support Occupations",2020,"2020","04000US06","California",212639,3827.859584676533,0.931829074165789,"Los Angeles, CA","16000US0644000","los-angeles-ca",68740,1406,212199,0.2073525322928006,64710,6.227785504558801,10.552165079831395
3,"Natural Resources, Construction, & Maintenance Occupations",7,"Natural Resources, Construction, & Maintenance Occupations",19,"Farming, Fishing, & Forestry Occupations",2020,"2020","04000US06","California",5408,621.6630920361929,0.4178261779112722,"Los Angeles, CA","16000US0644000","los-angeles-ca",41622,6380,5683,-4.838993489354214,42129,-1.2034465570034893,0.2683708480181349
3,"Natural Resources, Construction, & Maintenance Occupations",7,"Natural Resources, Construction, & Maintenance Occupations",20,"Construction & Extraction Occupations",2020,"2020","04000US06","California",102813,2540.74319835752,1.0146363412910682,"Los Angeles, CA","16000US0644000","los-angeles-ca",70138,2689,106484,-3.4474662860148007,67469,3.9558908535771984,5.1020732243506846
3,"Natural Resources, Construction, & Maintenance Occupations",7,"Natural Resources, Construction, & Maintenance Occupations",21,"Installation, Maintenance, & Repair Occupations",2020,"2020","04000US06","California",40952,1611.5039559368138,0.6627234050814796,"Los Angeles, CA","16000US0644000","los-angeles-ca",82002,6083,42021,-2.5439661121820043,76136,7.704633813176422,2.0322342766343677
4,"Production, Transportation, & Material Moving Occupations",8,"Production, Transportation, & Material Moving Occupations",22,"Production Occupations",2020,"2020","04000US06","California",102452,2634.89677217154,0.9107043375408732,"Los Angeles, CA","16000US0644000","los-angeles-ca",52665,1303,107917,-5.064077022155916,48076,9.54530326982278,5.084158676248882
4,"Production, Transportation, & Material Moving Occupations",8,"Production, Transportation, & Material Moving Occupations",23,"Transportation Occupations",2020,"2020","04000US06","California",71747,2097.362629589838,0.9354589409866093,"Los Angeles, CA","16000US0644000","los-angeles-ca",57396,2607,71706,0.057177920955010744,55587,3.254358033353122,3.560429591855977
0,"Management, Business, Science, & Arts Occupations",0,"Management, Business, & Financial Occupations",0,"Management Occupations",2019,"2019","04000US06","California",193588,2766.2481812013907,0.9394682213194796,"Los Angeles, CA","16000US0644000","los-angeles-ca",141961,3353,185978,4.091881835485918,137372,3.340564307136826,9.592824756571938
0,"Management, Business, Science, & Arts Occupations",0,"Management, Business, & Financial Occupations",1,"Business & Financial Operations Occupations",2019,"2019","04000US06","California",106250,2300.458432573821,0.9826251662868432,"Los Angeles, CA","16000US0644000","los-angeles-ca",132912,4340,103320,2.835849787069299,129603,2.553181639313905,5.26498352369862
0,"Management, Business, Science, & Arts Occupations",1,"Computer, Engineering, & Science Occupations",2,"Computer & Mathematical Occupations",2019,"2019","04000US06","California",48483,1405.5618093844184,0.768392565148744,"Los Angeles, CA","16000US0644000","los-angeles-ca",147857,5611,46316,4.678728733051214,141884,4.2097770009303375,2.4024677287480487
0,"Management, Business, Science, & Arts Occupations",1,"Computer, Engineering, & Science Occupations",3,"Architecture & Engineering Occupations",2019,"2019","04000US06","California",26106,1035.495050688317,0.6798015003441888,"Los Angeles, CA","16000US0644000","los-angeles-ca",153655,8395,24825,5.16012084592145,149530,2.7586437504179764,1.2936250340675404
0,"Management, Business, Science, & Arts Occupations",1,"Computer, Engineering, & Science Occupations",4,"Life, Physical, & Social Science Occupations",2019,"2019","04000US06","California",16358,860.0145347608958,0.8476891574512305,"Los Angeles, CA","16000US0644000","los-angeles-ca",117627,6059,16323,0.21442136862096428,109755,7.172338390050567,0.8105844751121132
0,"Management, Business, Science, & Arts Occupations",2,"Education, Legal, Community Service, Arts, & Media Occupations",5,"Community & Social Service Occupations",2019,"2019","04000US06","California",29518,1347.4628009707726,0.8361827168143633,"Los Angeles, CA","16000US0644000","los-angeles-ca",87572,4972,28856,2.294150263376767,84701,3.389570371069999,1.462699140259161
0,"Management, Business, Science, & Arts Occupations",2,"Education, Legal, Community Service, Arts, & Media Occupations",6,"Legal Occupations",2019,"2019","04000US06","California",34379,1197.86894107828,1.5359483843097201,"Los Angeles, CA","16000US0644000","los-angeles-ca",218610,15210,33962,1.227842883222425,213948,2.1790341578327443,1.7035752335175045
0,"Management, Business, Science, & Arts Occupations",2,"Education, Legal, Community Service, Arts, & Media Occupations",7,"Education Instruction, & Library Occupations",2019,"2019","04000US06","California",98551,2207.035341810366,0.8058895620282431,"Los Angeles, CA","16000US0644000","los-angeles-ca",78924,3659,94041,4.795780563796642,74339,6.167691252236376,4.883476623473155
0,"Management, Business, Science, & Arts Occupations",2,"Education, Legal, Community Service, Arts, & Media Occupations",8,"Arts, Design, Entertainment, Sports, & Media Occupations",2019,"2019","04000US06","California",138280,2731.863283548428,3.3884196638781807,"Los Angeles, CA","16000US0644000","los-angeles-ca",110648,3215,132900,4.048156508653122,105864,4.519005516511751,6.852159262654543
0,"Management, Business, Science, & Arts Occupations",3,"Healthcare Practitioners & Technical Occupations",9,"Health Diagnosing & Treating Practitioners & Other Technical Occupations",2019,"2019","04000US06","California",61020,1646.8020524641083,0.7412950414414825,"Los Angeles, CA","16000US0644000","los-angeles-ca",177527,7001,59166,3.133556434438698,172296,3.036054232251474,3.0237110081514333
0,"Management, Business, Science, & Arts Occupations",3,"Healthcare Practitioners & Technical Occupations",10,"Health Technologists & Technicians",2019,"2019","04000US06","California",27927,1260.704961519546,0.7106751777201099,"Los Angeles, CA","16000US0644000","los-angeles-ca",87745,5455,26999,3.4371643394199785,84522,3.8132083954473392,1.3838606575654717
1,"Service Occupations",4,"Service Occupations",11,"Healthcare Support Occupations",2019,"2019","04000US06","California",75166,1929.856212260385,1.1402003759477457,"Los Angeles, CA","16000US0644000","los-angeles-ca",42666,1345,73559,2.184640900501638,41480,2.859209257473481,3.7246847203984044
1,"Service Occupations",4,"Service Occupations",14,"Food Preparation & Serving Related Occupations",2019,"2019","04000US06","California",130980,2321.8400031009887,1.132453094611253,"Los Angeles, CA","16000US0644000","los-angeles-ca",41364,941,129920,0.8158866995073892,38629,7.080172927075513,6.490423924085132
1,"Service Occupations",4,"Service Occupations",15,"Building & Grounds Cleaning & Maintenance Occupations",2019,"2019","04000US06","California",112343,2590.27894250793,1.4605246464456834,"Los Angeles, CA","16000US0644000","los-angeles-ca",40833,878,110278,1.8725403072235622,38669,5.596214021567664,5.5669086494388145
1,"Service Occupations",4,"Service Occupations",16,"Personal Care & Service Occupations",2019,"2019","04000US06","California",67391,1785.3027754417458,1.187549153268899,"Los Angeles, CA","16000US0644000","los-angeles-ca",44278,2563,65861,2.3230743535628062,41871,5.748608822335268,3.3394118084289293
1,"Service Occupations",5,"Protective Service Occupations",12,"Fire Fighting & Prevention, & Other Protective Service Workers Including Supervisors",2019,"2019","04000US06","California",26669,1164.5720243935107,1.1263583449266217,"Los Angeles, CA","16000US0644000","los-angeles-ca",50781,2600,26644,0.0938297552919982,48227,5.295788666099902,1.32152325264488
1,"Service Occupations",5,"Protective Service Occupations",13,"Law Enforcement Workers Including Supervisors",2019,"2019","04000US06","California",5351,457.083143421413,0.27667308063533913,"Los Angeles, CA","16000US0644000","los-angeles-ca",137180,15455,5283,1.2871474540980503,148790,-7.802943746219504,0.2651569584499888
2,"Sales & Office Occupations",6,"Sales & Office Occupations",17,"Sales & Related Occupations",2019,"2019","04000US06","California",202384,2898.555674814613,0.9817454865377524,"Los Angeles, CA","16000US0644000","los-angeles-ca",58313,1520,203958,-0.7717275125270889,55820,4.466141168040129,10.028691063155026
2,"Sales & Office Occupations",6,"Sales & Office Occupations",18,"Office & Administrative Support Occupations",2019,"2019","04000US06","California",212199,3345.2487202000393,0.9212126223642475,"Los Angeles, CA","16000US0644000","los-angeles-ca",64710,1190,216713,-2.082939186850812,63509,1.8910705569289394,10.515051658779514
3,"Natural Resources, Construction, & Maintenance Occupations",7,"Natural Resources, Construction, & Maintenance Occupations",19,"Farming, Fishing, & Forestry Occupations",2019,"2019","04000US06","California",5683,551.5985859300221,0.41643107727961926,"Los Angeles, CA","16000US0644000","los-angeles-ca",42129,2681,5943,-4.374894834258792,38482,9.47715815186321,0.28160848343698125
3,"Natural Resources, Construction, & Maintenance Occupations",7,"Natural Resources, Construction, & Maintenance Occupations",20,"Construction & Extraction Occupations",2019,"2019","04000US06","California",106484,2052.416380757082,1.0352876479558857,"Los Angeles, CA","16000US0644000","los-angeles-ca",67469,3695,105257,1.165718194514379,62372,8.171936125184377,5.276578875647283
3,"Natural Resources, Construction, & Maintenance Occupations",7,"Natural Resources, Construction, & Maintenance Occupations",21,"Installation, Maintenance, & Repair Occupations",2019,"2019","04000US06","California",42021,1318.2973867834223,0.6752557547983445,"Los Angeles, CA","16000US0644000","los-angeles-ca",76136,4108,41738,0.6780391968949159,75648,0.6450930626057529,2.082257624934962
4,"Production, Transportation, & Material Moving Occupations",8,"Production, Transportation, & Material Moving Occupations",22,"Production Occupations",2019,"2019","04000US06","California",107917,2227.804749074747,0.9343820873825944,"Los Angeles, CA","16000US0644000","los-angeles-ca",48076,725,111182,-2.9366264323361695,45485,5.696383423106519,5.34758801813632
4,"Production, Transportation, & Material Moving Occupations",8,"Production, Transportation, & Material Moving Occupations",23,"Transportation Occupations",2019,"2019","04000US06","California",71706,1856.6100829199438,0.9356790335169306,"Los Angeles, CA","16000US0644000","los-angeles-ca",55587,2208,69040,3.8615295480880647,55288,0.5408045145420345,3.553232080473725
0,"Management, Business, Science, & Arts Occupations",0,"Management, Business, & Financial Occupations",0,"Management Occupations",2018,"2018","04000US06","California",185978,2727.1855455762447,0.9356809027364479,"Los Angeles, CA","16000US0644000","los-angeles-ca",137372,3365,186656,-0.3632350420024001,133899,2.5937460324573,9.35062767228307
0,"Management, Business, Science, & Arts Occupations",0,"Management, Business, & Financial Occupations",1,"Business & Financial Operations Occupations",2018,"2018","04000US06","California",103320,2229.3819771407498,0.9772494323315687,"Los Angeles, CA","16000US0644000","los-angeles-ca",129603,4390,92350,11.878722252301028,121331,6.817713527457945,5.194737286669858
0,"Management, Business, Science, & Arts Occupations",1,"Computer, Engineering, & Science Occupations",2,"Computer & Mathematical Occupations",2018,"2018","04000US06","California",46316,1561.979833416552,0.7675731675998906,"Los Angeles, CA","16000US0644000","los-angeles-ca",141884,5226,41973,10.347127915564768,140256,1.1607346566278804,2.328682270319407
0,"Management, Business, Science, & Arts Occupations",1,"Computer, Engineering, & Science Occupations",3,"Architecture & Engineering Occupations",2018,"2018","04000US06","California",24825,1065.1920014720351,0.6755333797700945,"Los Angeles, CA","16000US0644000","los-angeles-ca",149530,7682,23429,5.958427589739212,143862,3.939886835995607,1.2481547923110647
0,"Management, Business, Science, & Arts Occupations",1,"Computer, Engineering, & Science Occupations",4,"Life, Physical, & Social Science Occupations",2018,"2018","04000US06","California",16323,824.5641272818021,0.8851099549145269,"Los Angeles, CA","16000US0644000","los-angeles-ca",109755,10703,15846,3.0102234002271864,105932,3.6089189291243438,0.8206900573975231
0,"Management, Business, Science, & Arts Occupations",2,"Education, Legal, Community Service, Arts, & Media Occupations",5,"Community & Social Service Occupations",2018,"2018","04000US06","California",28856,1293.3939848321547,0.8390837218881397,"Los Angeles, CA","16000US0644000","los-angeles-ca",84701,4242,27180,6.166298749080206,81579,3.82696527292563,1.4508259692619572
0,"Management, Business, Science, & Arts Occupations",2,"Education, Legal, Community Service, Arts, & Media Occupations",6,"Legal Occupations",2018,"2018","04000US06","California",33962,1269.0157603434245,1.5476956700908,"Los Angeles, CA","16000US0644000","los-angeles-ca",213948,14435,33632,0.981208372978116,205850,3.933932475103231,1.7075461452756648
0,"Management, Business, Science, & Arts Occupations",2,"Education, Legal, Community Service, Arts, & Media Occupations",7,"Education Instruction, & Library Occupations",2018,"2018","04000US06","California",94041,2036.0906168439556,0.7845076154477403,"Los Angeles, CA","16000US0644000","los-angeles-ca",74339,3230,91840,2.3965592334494774,71228,4.3676644016398045,4.728206438015099
0,"Management, Business, Science, & Arts Occupations",2,"Education, Legal, Community Service, Arts, & Media Occupations",8,"Arts, Design, Entertainment, Sports, & Media Occupations",2018,"2018","04000US06","California",132900,2654.488462962309,3.3372359286027287,"Los Angeles, CA","16000US0644000","los-angeles-ca",105864,4406,129720,2.4514338575393153,99709,6.172963323270718,6.681964628323887
0,"Management, Business, Science, & Arts Occupations",3,"Healthcare Practitioners & Technical Occupations",9,"Health Diagnosing & Treating Practitioners & Other Technical Occupations",2018,"2018","04000US06","California",59166,1562.5635987056653,0.7405570104713564,"Los Angeles, CA","16000US0644000","los-angeles-ca",172296,7566,57841,2.2907626078387304,168967,1.9702072002225286,2.9747563521400386
0,"Management, Business, Science, & Arts Occupations",3,"Healthcare Practitioners & Technical Occupations",10,"Health Technologists & Technicians",2018,"2018","04000US06","California",26999,1163.8835852438162,0.6992293077744778,"Los Angeles, CA","16000US0644000","los-angeles-ca",84522,3074,25494,5.903349807797913,81519,3.6838037758068674,1.3574594657646097
1,"Service Occupations",4,"Service Occupations",11,"Healthcare Support Occupations",2018,"2018","04000US06","California",73559,1956.9057207745088,1.1372883591453573,"Los Angeles, CA","16000US0644000","los-angeles-ca",41480,1275,34544,112.94291338582678,51640,-19.67467079783114,3.698409601917809
1,"Service Occupations",4,"Service Occupations",14,"Food Preparation & Serving Related Occupations",2018,"2018","04000US06","California",129920,2392.9538232067916,1.1325017955031387,"Los Angeles, CA","16000US0644000","los-angeles-ca",38629,692,125904,3.1897318591943065,36886,4.725370059101014,6.532135775107897
1,"Service Occupations",4,"Service Occupations",15,"Building & Grounds Cleaning & Maintenance Occupations",2018,"2018","04000US06","California",110278,2231.0591655086155,1.4310691262701005,"Los Angeles, CA","16000US0644000","los-angeles-ca",38669,893,111167,-0.7996977520307286,35755,8.149909103621871,5.544572575487598
1,"Service Occupations",4,"Service Occupations",16,"Personal Care & Service Occupations",2018,"2018","04000US06","California",65861,1907.138694484489,1.173700720050951,"Los Angeles, CA","16000US0644000","los-angeles-ca",41871,3264,102443,-35.70961412688031,34532,21.25275107146994,3.311368490489387
1,"Service Occupations",5,"Protective Service Occupations",12,"Fire Fighting & Prevention, & Other Protective Service Workers Including Supervisors",2018,"2018","04000US06","California",26644,1160.1215453563475,1.1427843038709713,"Los Angeles, CA","16000US0644000","los-angeles-ca",48227,3998,25770,3.391540551028328,45823,5.2462737053444775,1.339610726539215
1,"Service Occupations",5,"Protective Service Occupations",13,"Law Enforcement Workers Including Supervisors",2018,"2018","04000US06","California",5283,481.5682713800816,0.27441284845978486,"Los Angeles, CA","16000US0644000","los-angeles-ca",148790,21954,5178,2.0278099652375436,149139,-0.23400988339736753,0.2656194065570737
2,"Sales & Office Occupations",6,"Sales & Office Occupations",17,"Sales & Related Occupations",2018,"2018","04000US06","California",203958,3052.187739966203,0.9854294149918528,"Los Angeles, CA","16000US0644000","los-angeles-ca",55820,1842,204330,-0.18205843488474527,52308,6.714078152481457,10.254628605445323
2,"Sales & Office Occupations",6,"Sales & Office Occupations",18,"Office & Administrative Support Occupations",2018,"2018","04000US06","California",216713,3244.510748941973,0.9340696855041063,"Los Angeles, CA","16000US0644000","los-angeles-ca",63509,717,236003,-8.173624911547735,59801,6.2005652079396665,10.895926264092962
3,"Natural Resources, Construction, & Maintenance Occupations",7,"Natural Resources, Construction, & Maintenance Occupations",19,"Farming, Fishing, & Forestry Occupations",2018,"2018","04000US06","California",5943,524.6046130182234,0.42714032547125913,"Los Angeles, CA","16000US0644000","los-angeles-ca",38482,3566,6159,-3.507062834875792,36174,6.380273124343451,0.2988029780747093
3,"Natural Resources, Construction, & Maintenance Occupations",7,"Natural Resources, Construction, & Maintenance Occupations",20,"Construction & Extraction Occupations",2018,"2018","04000US06","California",105257,2505.6641834052703,1.0414874483316938,"Los Angeles, CA","16000US0644000","los-angeles-ca",62372,7122,102823,2.367174659366095,53975,15.557202408522464,5.292126041260252
3,"Natural Resources, Construction, & Maintenance Occupations",7,"Natural Resources, Construction, & Maintenance Occupations",21,"Installation, Maintenance, & Repair Occupations",2018,"2018","04000US06","California",41738,1402.6564083908788,0.678505676711822,"Los Angeles, CA","16000US0644000","los-angeles-ca",75648,4448,43155,-3.283512918549415,69256,9.229525239690425,2.0985089515198077
4,"Production, Transportation, & Material Moving Occupations",8,"Production, Transportation, & Material Moving Occupations",22,"Production Occupations",2018,"2018","04000US06","California",111182,2029.0453420266392,0.9634553459521275,"Los Angeles, CA","16000US0644000","los-angeles-ca",45485,707,113416,-1.9697397192635961,42624,6.712180930930931,5.5900240128390255
4,"Production, Transportation, & Material Moving Occupations",8,"Production, Transportation, & Material Moving Occupations",23,"Transportation Occupations",2018,"2018","04000US06","California",69040,1784.0641804598847,0.9293478622449641,"Los Angeles, CA","16000US0644000","los-angeles-ca",55288,2627,64785,6.56787836690592,54495,1.4551793742545187,3.471202693299332
0,"Management, Business, Science, & Arts Occupations",0,"Management, Business, & Financial Occupations",0,"Management Occupations",2017,"2017","04000US06","California",186656,2797.320146139873,0.9332334319253884,"Los Angeles, CA","16000US0644000","los-angeles-ca",133899,2743,176223,5.920339569749692,127746,4.816589169132497,9.552287690406311
0,"Management, Business, Science, & Arts Occupations",0,"Management, Business, & Financial Occupations",1,"Business & Financial Operations Occupations",2017,"2017","04000US06","California",92350,2017.7613833156781,0.9709529311412876,"Los Angeles, CA","16000US0644000","los-angeles-ca",121331,3911,90816,1.6891296687808317,116980,3.7194392203795523,4.726093820766667
0,"Management, Business, Science, & Arts Occupations",1,"Computer, Engineering, & Science Occupations",2,"Computer & Mathematical Occupations",2017,"2017","04000US06","California",41973,1161.5851238716862,0.7458296654871759,"Los Angeles, CA","16000US0644000","los-angeles-ca",140256,5236,40408,3.872995446446248,134115,4.578906162621631,2.1480058033463916
0,"Management, Business, Science, & Arts Occupations",1,"Computer, Engineering, & Science Occupations",3,"Architecture & Engineering Occupations",2017,"2017","04000US06","California",23429,1047.168085839136,0.6521785067886511,"Los Angeles, CA","16000US0644000","los-angeles-ca",143862,6184,23072,1.5473300970873787,141788,1.4627472000451378,1.1990000230291522
0,"Management, Business, Science, & Arts Occupations",1,"Computer, Engineering, & Science Occupations",4,"Life, Physical, & Social Science Occupations",2017,"2017","04000US06","California",15846,903.1417385992079,0.9241933410430575,"Los Angeles, CA","16000US0644000","los-angeles-ca",105932,8006,15527,2.054485734526953,103363,2.4854154774919457,0.8109332180169854
0,"Management, Business, Science, & Arts Occupations",2,"Education, Legal, Community Service, Arts, & Media Occupations",5,"Community & Social Service Occupations",2017,"2017","04000US06","California",27180,1068.3520019169712,0.8144171386609748,"Los Angeles, CA","16000US0644000","los-angeles-ca",81579,3519,25323,7.333254353749556,80392,1.4765150761269779,1.390960801823909
0,"Management, Business, Science, & Arts Occupations",2,"Education, Legal, Community Service, Arts, & Media Occupations",6,"Legal Occupations",2017,"2017","04000US06","California",33632,1280.1406172760865,1.5186343838112992,"Los Angeles, CA","16000US0644000","los-angeles-ca",205850,10399,32275,4.204492641363284,202205,1.802626047822754,1.72114767060124
0,"Management, Business, Science, & Arts Occupations",2,"Education, Legal, Community Service, Arts, & Media Occupations",7,"Education Instruction, & Library Occupations",2017,"2017","04000US06","California",91840,1911.4384635661177,0.7778276932031254,"Los Angeles, CA","16000US0644000","los-angeles-ca",71228,3302,89869,2.1931923132559614,71013,0.30276146621041217,4.699994114772178
0,"Management, Business, Science, & Arts Occupations",2,"Education, Legal, Community Service, Arts, & Media Occupations",8,"Arts, Design, Entertainment, Sports, & Media Occupations",2017,"2017","04000US06","California",129720,2440.9281021775305,3.357839602680316,"Los Angeles, CA","16000US0644000","los-angeles-ca",99709,4919,124328,4.336915256418506,94132,5.924658989504101,6.638536983539274
0,"Management, Business, Science, & Arts Occupations",3,"Healthcare Practitioners & Technical Occupations",9,"Health Diagnosing & Treating Practitioners & Other Technical Occupations",2017,"2017","04000US06","California",57841,1520.6541355614036,0.7412307700700077,"Los Angeles, CA","16000US0644000","los-angeles-ca",168967,4945,56772,1.8829704784048475,166474,1.4975311460047815,2.9600648910337273
0,"Management, Business, Science, & Arts Occupations",3,"Healthcare Practitioners & Technical Occupations",10,"Health Technologists & Technicians",2017,"2017","04000US06","California",25494,1114.7824899952457,0.6897779436926987,"Los Angeles, CA","16000US0644000","los-angeles-ca",81519,3416,24591,3.6720751494449186,78981,3.213431078360619,1.3046782443597769
1,"Service Occupations",4,"Service Occupations",11,"Healthcare Support Occupations",2017,"2017","04000US06","California",34544,1184.370296824435,0.7397049229873289,"Los Angeles, CA","16000US0644000","los-angeles-ca",51640,2190,35024,-1.3704888076747372,48988,5.413570670368253,1.767820086026678
1,"Service Occupations",4,"Service Occupations",14,"Food Preparation & Serving Related Occupations",2017,"2017","04000US06","California",125904,2418.801562757888,1.1114338992361497,"Los Angeles, CA","16000US0644000","los-angeles-ca",36886,732,121465,3.654550693615445,35260,4.611457742484402,6.443249771627572
1,"Service Occupations",4,"Service Occupations",15,"Building & Grounds Cleaning & Maintenance Occupations",2017,"2017","04000US06","California",111167,2302.8758108070006,1.4573429294806448,"Los Angeles, CA","16000US0644000","los-angeles-ca",35755,718,110693,0.42821135934521604,34391,3.966153935622692,5.689070620175072
1,"Service Occupations",4,"Service Occupations",16,"Personal Care & Service Occupations",2017,"2017","04000US06","California",102443,2250.394854242251,1.4076793636394993,"Los Angeles, CA","16000US0644000","los-angeles-ca",34532,1449,98877,3.6065010063007574,33508,3.0559866300584932,5.242612119987002
1,"Service Occupations",5,"Protective Service Occupations",12,"Fire Fighting & Prevention, & Other Protective Service Workers Including Supervisors",2017,"2017","04000US06","California",25770,1142.709499391687,1.1133417818590978,"Los Angeles, CA","16000US0644000","los-angeles-ca",45823,3632,25319,1.7812709822662822,45643,0.394364962863966,1.3188027911332647
1,"Service Occupations",5,"Protective Service Occupations",13,"Law Enforcement Workers Including Supervisors",2017,"2017","04000US06","California",5178,475.42086618069254,0.27284827582291293,"Los Angeles, CA","16000US0644000","los-angeles-ca",149139,9834,5043,2.676977989292088,150014,-0.5832788939698961,0.26498877968521706
2,"Sales & Office Occupations",6,"Sales & Office Occupations",17,"Sales & Related Occupations",2017,"2017","04000US06","California",204330,3023.0072775301087,0.9915029266879463,"Los Angeles, CA","16000US0644000","los-angeles-ca",52308,1090,203596,0.3605178883671585,50807,2.954317318479737,10.4567704428506
2,"Sales & Office Occupations",6,"Sales & Office Occupations",18,"Office & Administrative Support Occupations",2017,"2017","04000US06","California",236003,3037.4686829661305,0.9300056618885708,"Los Angeles, CA","16000US0644000","los-angeles-ca",59801,1208,230984,2.1728777750839883,57618,3.788746572251727,12.07766453689654
3,"Natural Resources, Construction, & Maintenance Occupations",7,"Natural Resources, Construction, & Maintenance Occupations",19,"Farming, Fishing, & Forestry Occupations",2017,"2017","04000US06","California",6159,535.3148606194302,0.44592049871947276,"Los Angeles, CA","16000US0644000","los-angeles-ca",36174,3095,6303,-2.284626368396002,35689,1.3589621451988008,0.31519233180402706
3,"Natural Resources, Construction, & Maintenance Occupations",7,"Natural Resources, Construction, & Maintenance Occupations",20,"Construction & Extraction Occupations",2017,"2017","04000US06","California",102823,2415.762405535776,1.0447031785807133,"Los Angeles, CA","16000US0644000","los-angeles-ca",53975,4653,100702,2.10621437508689,50194,7.532772841375464,5.2620589597476
3,"Natural Resources, Construction, & Maintenance Occupations",7,"Natural Resources, Construction, & Maintenance Occupations",21,"Installation, Maintenance, & Repair Occupations",2017,"2017","04000US06","California",43155,1416.470260895018,0.7044095589853885,"Los Angeles, CA","16000US0644000","los-angeles-ca",69256,3731,42973,0.42352174621273825,63600,8.89308176100629,2.208495710180676
4,"Production, Transportation, & Material Moving Occupations",8,"Production, Transportation, & Material Moving Occupations",22,"Production Occupations",2017,"2017","04000US06","California",113416,2245.131844680842,0.9884983863002366,"Los Angeles, CA","16000US0644000","los-angeles-ca",42624,813,112299,0.9946660255211534,39697,7.3733531501120995,5.804165206021356
4,"Production, Transportation, & Material Moving Occupations",8,"Production, Transportation, & Material Moving Occupations",23,"Transportation Occupations",2017,"2017","04000US06","California",64785,1721.3451135667128,0.9017388999968944,"Los Angeles, CA","16000US0644000","los-angeles-ca",54495,2002,60099,7.797134727699297,52792,3.225867555690256,3.315430299711624
0,"Management, Business, Science, & Arts Occupations",0,"Management, Business, & Financial Occupations",0,"Management Occupations",2016,"2016","04000US06","California",176223,2748.5125067934473,0.9223144589392699,"Los Angeles, CA","16000US0644000","los-angeles-ca",127746,4463,167776,5.034689109288575,124518,2.5923962800558953,9.255983301486122
0,"Management, Business, Science, & Arts Occupations",0,"Management, Business, & Financial Occupations",1,"Business & Financial Operations Occupations",2016,"2016","04000US06","California",90816,2138.5602633547646,0.9890637915769155,"Los Angeles, CA","16000US0644000","los-angeles-ca",116980,3199,90004,0.9021821252388783,117234,-0.21666069570261187,4.770043521604805
0,"Management, Business, Science, & Arts Occupations",1,"Computer, Engineering, & Science Occupations",2,"Computer & Mathematical Occupations",2016,"2016","04000US06","California",40408,1389.382956567411,0.7604783204731851,"Los Angeles, CA","16000US0644000","los-angeles-ca",134115,7611,37719,7.1290331132850815,132978,0.8550286513558634,2.1224004428845906
0,"Management, Business, Science, & Arts Occupations",1,"Computer, Engineering, & Science Occupations",3,"Architecture & Engineering Occupations",2016,"2016","04000US06","California",23072,840.2404417784234,0.6624008218643296,"Los Angeles, CA","16000US0644000","los-angeles-ca",141788,5184,21945,5.135566188197767,139645,1.5346056070750833,1.2118398093999523
0,"Management, Business, Science, & Arts Occupations",1,"Computer, Engineering, & Science Occupations",4,"Life, Physical, & Social Science Occupations",2016,"2016","04000US06","California",15527,821.4633284572112,0.9315172647073573,"Los Angeles, CA","16000US0644000","los-angeles-ca",103363,10090,15545,-0.1157928594403345,99095,4.306978152278116,0.8155442406619738
0,"Management, Business, Science, & Arts Occupations",2,"Education, Legal, Community Service, Arts, & Media Occupations",5,"Community & Social Service Occupations",2016,"2016","04000US06","California",25323,1013.2561374104772,0.7875132720702221,"Los Angeles, CA","16000US0644000","los-angeles-ca",80392,4791,25579,-1.0008209859650494,80408,-0.019898517560441746,1.3300719267265513
0,"Management, Business, Science, & Arts Occupations",2,"Education, Legal, Community Service, Arts, & Media Occupations",6,"Legal Occupations",2016,"2016","04000US06","California",32275,1039.271379380766,1.4824781448032307,"Los Angeles, CA","16000US0644000","los-angeles-ca",202205,10614,31442,2.6493225621779786,197736,2.260084152607517,1.6952206071594773
0,"Management, Business, Science, & Arts Occupations",2,"Education, Legal, Community Service, Arts, & Media Occupations",7,"Education Instruction, & Library Occupations",2016,"2016","04000US06","California",89869,2022.9607015461274,0.7797763102595654,"Los Angeles, CA","16000US0644000","los-angeles-ca",71013,3819,89459,0.45831051096032815,69962,1.5022440753551929,4.720303043991172
0,"Management, Business, Science, & Arts Occupations",2,"Education, Legal, Community Service, Arts, & Media Occupations",8,"Arts, Design, Entertainment, Sports, & Media Occupations",2016,"2016","04000US06","California",124328,2422.8433709177325,3.340999552097058,"Los Angeles, CA","16000US0644000","los-angeles-ca",94132,2043,120363,3.2942017065044906,93722,0.43746398924478774,6.53023664281715
0,"Management, Business, Science, & Arts Occupations",3,"Healthcare Practitioners & Technical Occupations",9,"Health Diagnosing & Treating Practitioners & Other Technical Occupations",2016,"2016","04000US06","California",56772,1616.7093121523112,0.754874729296793,"Los Angeles, CA","16000US0644000","los-angeles-ca",166474,6256,55369,2.5339088659719335,166156,0.19138640795397097,2.9819074921660063
0,"Management, Business, Science, & Arts Occupations",3,"Healthcare Practitioners & Technical Occupations",10,"Health Technologists & Technicians",2016,"2016","04000US06","California",24591,1022.403540682445,0.6985800125184075,"Los Angeles, CA","16000US0644000","los-angeles-ca",78981,3668,23681,3.8427431274017145,77624,1.7481706688652996,1.2916241657833836
1,"Service Occupations",4,"Service Occupations",11,"Healthcare Support Occupations",2016,"2016","04000US06","California",35024,1341.7600381588356,0.7531807989225248,"Los Angeles, CA","16000US0644000","los-angeles-ca",48988,1868,35816,-2.211302211302211,47948,2.1690164344706764,1.8396098077506904
1,"Service Occupations",4,"Service Occupations",14,"Food Preparation & Serving Related Occupations",2016,"2016","04000US06","California",121465,2557.0052796191094,1.0989834663452147,"Los Angeles, CA","16000US0644000","los-angeles-ca",35260,859,117692,3.205825374706862,33696,4.6415004748338085,6.37985967617741
1,"Service Occupations",4,"Service Occupations",15,"Building & Grounds Cleaning & Maintenance Occupations",2016,"2016","04000US06","California",110693,2201.2659993739967,1.4731733233576803,"Los Angeles, CA","16000US0644000","los-angeles-ca",34391,794,109941,0.6840032381004357,33077,3.9725489010490675,5.814068308855275
1,"Service Occupations",4,"Service Occupations",16,"Personal Care & Service Occupations",2016,"2016","04000US06","California",98877,2245.710800615253,1.3985133896624,"Los Angeles, CA","16000US0644000","los-angeles-ca",33508,1739,95238,3.8209538209538207,32408,3.394223648481856,5.193441610351902
1,"Service Occupations",5,"Protective Service Occupations",12,"Fire Fighting & Prevention, & Other Protective Service Workers Including Supervisors",2016,"2016","04000US06","California",25319,929.4519890774347,1.1072891691407751,"Los Angeles, CA","16000US0644000","los-angeles-ca",45643,2550,25027,1.1667399208854436,44877,1.7068877153107385,1.329861829672217
1,"Service Occupations",5,"Protective Service Occupations",13,"Law Enforcement Workers Including Supervisors",2016,"2016","04000US06","California",5043,443.788237789151,0.27151885232613376,"Los Angeles, CA","16000US0644000","los-angeles-ca",150014,6732,5090,-0.9233791748526522,142814,5.041522539807022,0.2648798612519053
2,"Sales & Office Occupations",6,"Sales & Office Occupations",17,"Sales & Related Occupations",2016,"2016","04000US06","California",203596,2749.0545647549447,1.0008215669109881,"Los Angeles, CA","16000US0644000","los-angeles-ca",50807,1061,200748,1.418694084125371,49542,2.55338904363974,10.693729968558976
2,"Sales & Office Occupations",6,"Sales & Office Occupations",18,"Office & Administrative Support Occupations",2016,"2016","04000US06","California",230984,3389.7091320642835,0.9222874676214924,"Los Angeles, CA","16000US0644000","los-angeles-ca",57618,964,229109,0.8183877543003549,57147,0.82419024620715,12.132264499585583
3,"Natural Resources, Construction, & Maintenance Occupations",7,"Natural Resources, Construction, & Maintenance Occupations",19,"Farming, Fishing, & Forestry Occupations",2016,"2016","04000US06","California",6303,587.1567082134036,0.4634667759290816,"Los Angeles, CA","16000US0644000","los-angeles-ca",35689,3357,6485,-2.8064764841942944,33849,5.435906526042128,0.331060433367194
3,"Natural Resources, Construction, & Maintenance Occupations",7,"Natural Resources, Construction, & Maintenance Occupations",20,"Construction & Extraction Occupations",2016,"2016","04000US06","California",100702,2508.469852320334,1.0572468092237444,"Los Angeles, CA","16000US0644000","los-angeles-ca",50194,5576,99400,1.3098591549295775,45308,10.78396751125629,5.289298391391903
3,"Natural Resources, Construction, & Maintenance Occupations",7,"Natural Resources, Construction, & Maintenance Occupations",21,"Installation, Maintenance, & Repair Occupations",2016,"2016","04000US06","California",42973,1478.1373413861108,0.7092391353538753,"Los Angeles, CA","16000US0644000","los-angeles-ca",63600,7909,43654,-1.5599945022220185,61590,3.2635168046760836,2.257125178976428
4,"Production, Transportation, & Material Moving Occupations",8,"Production, Transportation, & Material Moving Occupations",22,"Production Occupations",2016,"2016","04000US06","California",112299,2195.3780995536968,0.995337984972085,"Los Angeles, CA","16000US0644000","los-angeles-ca",39697,723,114352,-1.7953337064502588,38935,1.9571080005136767,5.898422276170477
4,"Production, Transportation, & Material Moving Occupations",8,"Production, Transportation, & Material Moving Occupations",23,"Transportation Occupations",2016,"2016","04000US06","California",60099,1795.267668065127,0.8663079685621267,"Los Angeles, CA","16000US0644000","los-angeles-ca",52792,2074,56377,6.6019830782056514,51584,2.3418114143920596,3.156655717108518
0,"Management, Business, Science, & Arts Occupations",0,"Management, Business, & Financial Occupations",0,"Management Occupations",2015,"2015","04000US06","California",167776,2477.0853840754057,0.9089464074995603,"Los Angeles, CA","16000US0644000","los-angeles-ca",124518,4366,160018,4.848204576985089,123769,0.6051596118575734,8.981257641584781
0,"Management, Business, Science, & Arts Occupations",0,"Management, Business, & Financial Occupations",1,"Business & Financial Operations Occupations",2015,"2015","04000US06","California",90004,2371.627711087893,1.00381054980611,"Los Angeles, CA","16000US0644000","los-angeles-ca",117234,3254,86502,4.048461307253012,116675,0.4791086350974931,4.818025896273583
0,"Management, Business, Science, & Arts Occupations",1,"Computer, Engineering, & Science Occupations",2,"Computer & Mathematical Occupations",2015,"2015","04000US06","California",37719,1342.3386308975837,0.7448878238298621,"Los Angeles, CA","16000US0644000","los-angeles-ca",132978,7354,34853,8.22310848420509,133980,-0.7478728168383341,2.019144913354332
0,"Management, Business, Science, & Arts Occupations",1,"Computer, Engineering, & Science Occupations",3,"Architecture & Engineering Occupations",2015,"2015","04000US06","California",21945,880.7139149576325,0.6434638162547555,"Los Angeles, CA","16000US0644000","los-angeles-ca",139645,6111,21366,2.709912945801741,143357,-2.589339899690981,1.1747431035701057
0,"Management, Business, Science, & Arts Occupations",1,"Computer, Engineering, & Science Occupations",4,"Life, Physical, & Social Science Occupations",2015,"2015","04000US06","California",15545,813.2336687570184,0.9477775427939171,"Los Angeles, CA","16000US0644000","los-angeles-ca",99095,10345,15245,1.9678583142013775,104480,-5.154096477794793,0.8321431553883478
0,"Management, Business, Science, & Arts Occupations",2,"Education, Legal, Community Service, Arts, & Media Occupations",5,"Community & Social Service Occupations",2015,"2015","04000US06","California",25579,1198.3142325784165,0.8160564216812074,"Los Angeles, CA","16000US0644000","los-angeles-ca",80408,4064,24713,3.5042285436814633,80406,0.0024873765639380147,1.36927563664706
0,"Management, Business, Science, & Arts Occupations",2,"Education, Legal, Community Service, Arts, & Media Occupations",6,"Legal Occupations",2015,"2015","04000US06","California",31442,1169.0414877154703,1.4599805647282327,"Los Angeles, CA","16000US0644000","los-angeles-ca",197736,11675,31085,1.1484638893356924,196685,0.534356966723441,1.683129307926692
0,"Management, Business, Science, & Arts Occupations",2,"Education, Legal, Community Service, Arts, & Media Occupations",7,"Education Instruction, & Library Occupations",2015,"2015","04000US06","California",89459,2019.8183086604595,0.7879082781277703,"Los Angeles, CA","16000US0644000","los-angeles-ca",69962,4305,87830,1.854719344187635,70160,-0.282212086659065,4.78885136943623
0,"Management, Business, Science, & Arts Occupations",2,"Education, Legal, Community Service, Arts, & Media Occupations",8,"Arts, Design, Entertainment, Sports, & Media Occupations",2015,"2015","04000US06","California",120363,2453.211160907271,3.341815756536873,"Los Angeles, CA","16000US0644000","los-angeles-ca",93722,2263,114401,5.2114929065305375,94973,-1.317216472049951,6.443180869218894
0,"Management, Business, Science, & Arts Occupations",3,"Healthcare Practitioners & Technical Occupations",9,"Health Diagnosing & Treating Practitioners & Other Technical Occupations",2015,"2015","04000US06","California",55369,1659.9999999999998,0.7573285365941503,"Los Angeles, CA","16000US0644000","los-angeles-ca",166156,7701,52665,5.134339694294123,164568,0.9649506586942783,2.9639713329493356
0,"Management, Business, Science, & Arts Occupations",3,"Healthcare Practitioners & Technical Occupations",10,"Health Technologists & Technicians",2015,"2015","04000US06","California",23681,951.0257620064768,0.6980070205919661,"Los Angeles, CA","16000US0644000","los-angeles-ca",77624,3389,22593,4.815650865312264,78168,-0.6959369562992529,1.2676733395144075
1,"Service Occupations",4,"Service Occupations",11,"Healthcare Support Occupations",2015,"2015","04000US06","California",35816,1105.8304571678245,0.7718525582637494,"Los Angeles, CA","16000US0644000","los-angeles-ca",47948,2205,35147,1.903434148006942,47522,0.8964269180590043,1.9172749600121621
1,"Service Occupations",4,"Service Occupations",14,"Food Preparation & Serving Related Occupations",2015,"2015","04000US06","California",117692,2692.835308740585,1.0877100048300745,"Los Angeles, CA","16000US0644000","los-angeles-ca",33696,841,114659,2.6452350011774044,33294,1.2074247612182376,6.300198922094912
1,"Service Occupations",4,"Service Occupations",15,"Building & Grounds Cleaning & Maintenance Occupations",2015,"2015","04000US06","California",109941,2183.276894944844,1.479491192440065,"Los Angeles, CA","16000US0644000","los-angeles-ca",33077,809,109997,-0.050910479376710276,32594,1.4818678284346811,5.885278266101662
1,"Service Occupations",4,"Service Occupations",16,"Personal Care & Service Occupations",2015,"2015","04000US06","California",95238,2309.1409658139105,1.383903810716247,"Los Angeles, CA","16000US0644000","los-angeles-ca",32408,1660,92177,3.3207850114453716,33037,-1.9039259012622212,5.098208416395977
1,"Service Occupations",5,"Protective Service Occupations",12,"Fire Fighting & Prevention, & Other Protective Service Workers Including Supervisors",2015,"2015","04000US06","California",25027,1088.3588562601951,1.0955977718689214,"Los Angeles, CA","16000US0644000","los-angeles-ca",44877,2581,24011,4.2313939444421305,44041,1.8982311936604528,1.3397263911163833
1,"Service Occupations",5,"Protective Service Occupations",13,"Law Enforcement Workers Including Supervisors",2015,"2015","04000US06","California",5090,528.1865200854713,0.2766680096613106,"Los Angeles, CA","16000US0644000","los-angeles-ca",142814,7162,5513,-7.672773444585525,143756,-0.6552769971340326,0.2724740212883043
2,"Sales & Office Occupations",6,"Sales & Office Occupations",17,"Sales & Related Occupations",2015,"2015","04000US06","California",200748,3229.744262321709,0.9974965039001398,"Los Angeles, CA","16000US0644000","los-angeles-ca",49542,1196,198549,1.107535167641237,49616,-0.14914543695582072,10.746289749623674
2,"Sales & Office Occupations",6,"Sales & Office Occupations",18,"Office & Administrative Support Occupations",2015,"2015","04000US06","California",229109,3389.9895280074243,0.9215501525763339,"Los Angeles, CA","16000US0644000","los-angeles-ca",57147,982,225769,1.4793882242469072,57282,-0.23567612862679374,12.264489301245993
3,"Natural Resources, Construction, & Maintenance Occupations",7,"Natural Resources, Construction, & Maintenance Occupations",19,"Farming, Fishing, & Forestry Occupations",2015,"2015","04000US06","California",6485,624.0072114967902,0.4767879573182,"Los Angeles, CA","16000US0644000","los-angeles-ca",33849,2787,6778,-4.322809088226616,31237,8.361878541473253,0.3471501037435468
3,"Natural Resources, Construction, & Maintenance Occupations",7,"Natural Resources, Construction, & Maintenance Occupations",20,"Construction & Extraction Occupations",2015,"2015","04000US06","California",99400,2220.1272486053585,1.0647638993040112,"Los Angeles, CA","16000US0644000","los-angeles-ca",45308,4637,96112,3.4210088230397866,45756,-0.979106565259201,5.321005445197927
3,"Natural Resources, Construction, & Maintenance Occupations",7,"Natural Resources, Construction, & Maintenance Occupations",21,"Installation, Maintenance, & Repair Occupations",2015,"2015","04000US06","California",43654,1309.5545044021649,0.7256114072942044,"Los Angeles, CA","16000US0644000","los-angeles-ca",61590,7349,43520,0.3079044117647059,60727,1.4211141666803893,2.3368528340510086
4,"Production, Transportation, & Material Moving Occupations",8,"Production, Transportation, & Material Moving Occupations",22,"Production Occupations",2015,"2015","04000US06","California",114352,2358.1910439996163,1.026157944071702,"Los Angeles, CA","16000US0644000","los-angeles-ca",38935,597,115451,-0.9519189959376706,38569,0.948948637506806,6.121404574137558
4,"Production, Transportation, & Material Moving Occupations",8,"Production, Transportation, & Material Moving Occupations",23,"Transportation Occupations",2015,"2015","04000US06","California",56377,1392.5433565961243,0.8380949743049428,"Los Angeles, CA","16000US0644000","los-angeles-ca",51584,2469,54554,3.3416431425743296,52420,-1.5948111407859593,3.017930824787963
0,"Management, Business, Science, & Arts Occupations",0,"Management, Business, & Financial Occupations",0,"Management Occupations",2014,"2014","04000US06","California",160018,2475.040403710614,0.9007116591104369,"Los Angeles, CA","16000US0644000","los-angeles-ca",123769,3502,153973,3.9260130022796207,125060,-1.0323044938429555,8.789396785639742
0,"Management, Business, Science, & Arts Occupations",0,"Management, Business, & Financial Occupations",1,"Business & Financial Operations Occupations",2014,"2014","04000US06","California",86502,2023.397390529107,0.9944650581618748,"Los Angeles, CA","16000US0644000","los-angeles-ca",116675,2727,83441,3.668460349228796,115425,1.0829542993285683,4.751342978611212
0,"Management, Business, Science, & Arts Occupations",1,"Computer, Engineering, & Science Occupations",2,"Computer & Mathematical Occupations",2014,"2014","04000US06","California",34853,1178.0942237359454,0.7265443323958038,"Los Angeles, CA","16000US0644000","los-angeles-ca",133980,6016,33290,4.695103634725142,134104,-0.09246554912605141,1.914389919695921
0,"Management, Business, Science, & Arts Occupations",1,"Computer, Engineering, & Science Occupations",3,"Architecture & Engineering Occupations",2014,"2014","04000US06","California",21366,972.5312334316055,0.6424632396836911,"Los Angeles, CA","16000US0644000","los-angeles-ca",143357,5870,21928,-2.562933236045239,140495,2.0370831702195806,1.1735820452822727
0,"Management, Business, Science, & Arts Occupations",1,"Computer, Engineering, & Science Occupations",4,"Life, Physical, & Social Science Occupations",2014,"2014","04000US06","California",15245,879.9965909024875,0.9525377198694839,"Los Angeles, CA","16000US0644000","los-angeles-ca",104480,11276,14462,5.414188908864611,106701,-2.0815175115509694,0.837370508299553
0,"Management, Business, Science, & Arts Occupations",2,"Education, Legal, Community Service, Arts, & Media Occupations",5,"Community & Social Service Occupations",2014,"2014","04000US06","California",24713,953.2775041927717,0.8115028848808223,"Los Angeles, CA","16000US0644000","los-angeles-ca",80406,4558,24241,1.9471143929705872,80952,-0.6744737622294693,1.3574245570093049
0,"Management, Business, Science, & Arts Occupations",2,"Education, Legal, Community Service, Arts, & Media Occupations",6,"Legal Occupations",2014,"2014","04000US06","California",31085,1206.6039118119916,1.4672361529310083,"Los Angeles, CA","16000US0644000","los-angeles-ca",196685,10442,30346,2.435246820009227,194559,1.0927276558781653,1.707422909182788
0,"Management, Business, Science, & Arts Occupations",2,"Education, Legal, Community Service, Arts, & Media Occupations",7,"Education Instruction, & Library Occupations",2014,"2014","04000US06","California",87830,2221.440973782558,0.7874649482392337,"Los Angeles, CA","16000US0644000","los-angeles-ca",70160,4090,88697,-0.9774851460590549,71669,-2.1055128437678774,4.824286765755968
0,"Management, Business, Science, & Arts Occupations",2,"Education, Legal, Community Service, Arts, & Media Occupations",8,"Arts, Design, Entertainment, Sports, & Media Occupations",2014,"2014","04000US06","California",114401,2405.5976388415415,3.287094935956312,"Los Angeles, CA","16000US0644000","los-angeles-ca",94973,2530,109791,4.198886976163802,96967,-2.0563696927820807,6.283766711707258
0,"Management, Business, Science, & Arts Occupations",3,"Healthcare Practitioners & Technical Occupations",9,"Health Diagnosing & Treating Practitioners & Other Technical Occupations",2014,"2014","04000US06","California",52665,1593.4390480969141,0.745231438327198,"Los Angeles, CA","16000US0644000","los-angeles-ca",164568,6624,49925,5.488232348522784,161598,1.8378940333419969,2.892759450285074
0,"Management, Business, Science, & Arts Occupations",3,"Healthcare Practitioners & Technical Occupations",10,"Health Technologists & Technicians",2014,"2014","04000US06","California",22593,1141.4043980991137,0.6956401729384863,"Los Angeles, CA","16000US0644000","los-angeles-ca",78168,3910,22008,2.658124318429662,79149,-1.2394344843270289,1.240978149820387
1,"Service Occupations",4,"Service Occupations",11,"Healthcare Support Occupations",2014,"2014","04000US06","California",35147,1384.5121884620592,0.7691338394249552,"Los Angeles, CA","16000US0644000","los-angeles-ca",47522,2887,34990,0.4486996284652758,46540,2.110012892135797,1.9305386195607992
1,"Service Occupations",4,"Service Occupations",14,"Food Preparation & Serving Related Occupations",2014,"2014","04000US06","California",114659,2825.548619295021,1.0930967654953383,"Los Angeles, CA","16000US0644000","los-angeles-ca",33294,828,109825,4.401547917140905,32987,0.9306696577439597,6.297938019751948
1,"Service Occupations",4,"Service Occupations",15,"Building & Grounds Cleaning & Maintenance Occupations",2014,"2014","04000US06","California",109997,2270.14206603904,1.5077634178065522,"Los Angeles, CA","16000US0644000","los-angeles-ca",32594,796,111311,-1.1804763230947526,32182,1.2802187558262381,6.041865779037449
1,"Service Occupations",4,"Service Occupations",16,"Personal Care & Service Occupations",2014,"2014","04000US06","California",92177,2299.208776949149,1.3855512156094332,"Los Angeles, CA","16000US0644000","los-angeles-ca",33037,1618,89738,2.7179121442421272,32583,1.3933646380014117,5.063056828043811
1,"Service Occupations",5,"Protective Service Occupations",12,"Fire Fighting & Prevention, & Other Protective Service Workers Including Supervisors",2014,"2014","04000US06","California",24011,1092.0773782109031,1.0692201119884663,"Los Angeles, CA","16000US0644000","los-angeles-ca",44041,2735,23850,0.6750524109014675,45576,-3.368000702123925,1.318865416515616
1,"Service Occupations",5,"Protective Service Occupations",13,"Law Enforcement Workers Including Supervisors",2014,"2014","04000US06","California",5513,526.0513282941123,0.3035973224130739,"Los Angeles, CA","16000US0644000","los-angeles-ca",143756,6102,5952,-7.375672043010753,141958,1.2665718029276265,0.30281558624174715
2,"Sales & Office Occupations",6,"Sales & Office Occupations",17,"Sales & Related Occupations",2014,"2014","04000US06","California",198549,2985.289600692033,1.0040371517059796,"Los Angeles, CA","16000US0644000","los-angeles-ca",49616,1229,193998,2.345900473200755,50010,-0.7878424315136973,10.905810236298324
2,"Sales & Office Occupations",6,"Sales & Office Occupations",18,"Office & Administrative Support Occupations",2014,"2014","04000US06","California",225769,3193.6937861980446,0.9189913906934425,"Los Angeles, CA","16000US0644000","los-angeles-ca",57282,857,223116,1.1890675702325249,57329,-0.08198294057108968,12.400938162563579
3,"Natural Resources, Construction, & Maintenance Occupations",7,"Natural Resources, Construction, & Maintenance Occupations",19,"Farming, Fishing, & Forestry Occupations",2014,"2014","04000US06","California",6778,794.703089210052,0.5082275005550458,"Los Angeles, CA","16000US0644000","los-angeles-ca",31237,2971,5917,14.551292884907893,32097,-2.679378135028196,0.3722989377011722
3,"Natural Resources, Construction, & Maintenance Occupations",7,"Natural Resources, Construction, & Maintenance Occupations",20,"Construction & Extraction Occupations",2014,"2014","04000US06","California",96112,2139.9112131114225,1.0561923048737352,"Los Angeles, CA","16000US0644000","los-angeles-ca",45756,3913,94793,1.391452955387001,43110,6.137787056367432,5.279196739500599
3,"Natural Resources, Construction, & Maintenance Occupations",7,"Natural Resources, Construction, & Maintenance Occupations",21,"Installation, Maintenance, & Repair Occupations",2014,"2014","04000US06","California",43520,1523.0118187328685,0.7364387555109831,"Los Angeles, CA","16000US0644000","los-angeles-ca",60727,12167,45625,-4.6136986301369864,57638,5.359311565286791,2.3904470004064637
4,"Production, Transportation, & Material Moving Occupations",8,"Production, Transportation, & Material Moving Occupations",22,"Production Occupations",2014,"2014","04000US06","California",115451,2433.057746951354,1.0648928666005943,"Los Angeles, CA","16000US0644000","los-angeles-ca",38569,641,114820,0.5495558265110608,38467,0.2651623469467336,6.341440639796109
4,"Production, Transportation, & Material Moving Occupations",8,"Production, Transportation, & Material Moving Occupations",23,"Transportation Occupations",2014,"2014","04000US06","California",54554,1536.6967820620957,0.8404524360895551,"Los Angeles, CA","16000US0644000","los-angeles-ca",52420,2352,53970,1.082082638502872,51570,1.6482451037424861,2.9965175932944446
0,"Management, Business, Science, & Arts Occupations",0,"Management, Business, & Financial Occupations",0,"Management Occupations",2013,"2013","04000US06","California",153973,2597.3650109293458,0.887800350990459,"Los Angeles, CA","16000US0644000","los-angeles-ca",125060,4376,,NaN,,NaN,8.615884097157211
0,"Management, Business, Science, & Arts Occupations",0,"Management, Business, & Financial Occupations",1,"Business & Financial Operations Occupations",2013,"2013","04000US06","California",83441,1931.6480010602345,0.9827511138856205,"Los Angeles, CA","16000US0644000","los-angeles-ca",115425,2443,,NaN,,NaN,4.669117215037018
0,"Management, Business, Science, & Arts Occupations",1,"Computer, Engineering, & Science Occupations",2,"Computer & Mathematical Occupations",2013,"2013","04000US06","California",33290,1270.102358079852,0.7241894052609269,"Los Angeles, CA","16000US0644000","los-angeles-ca",134104,5941,,NaN,,NaN,1.862812191711297
0,"Management, Business, Science, & Arts Occupations",1,"Computer, Engineering, & Science Occupations",3,"Architecture & Engineering Occupations",2013,"2013","04000US06","California",21928,826.9056778133767,0.6679081262239476,"Los Angeles, CA","16000US0644000","los-angeles-ca",140495,6973,,NaN,,NaN,1.227027507955702
0,"Management, Business, Science, & Arts Occupations",1,"Computer, Engineering, & Science Occupations",4,"Life, Physical, & Social Science Occupations",2013,"2013","04000US06","California",14462,921.0347441872104,0.9225923138906641,"Los Angeles, CA","16000US0644000","los-angeles-ca",106701,12413,,NaN,,NaN,0.8092517247380228
0,"Management, Business, Science, & Arts Occupations",2,"Education, Legal, Community Service, Arts, & Media Occupations",5,"Community & Social Service Occupations",2013,"2013","04000US06","California",24241,1206.0597000148873,0.8153658129757728,"Los Angeles, CA","16000US0644000","los-angeles-ca",80952,5025,,NaN,,NaN,1.356456303372591
0,"Management, Business, Science, & Arts Occupations",2,"Education, Legal, Community Service, Arts, & Media Occupations",6,"Legal Occupations",2013,"2013","04000US06","California",30346,1091.0774491299871,1.4467425865351329,"Los Angeles, CA","16000US0644000","los-angeles-ca",194559,11515,,NaN,,NaN,1.698074459887985
0,"Management, Business, Science, & Arts Occupations",2,"Education, Legal, Community Service, Arts, & Media Occupations",7,"Education Instruction, & Library Occupations",2013,"2013","04000US06","California",88697,2081.736054354634,0.8079185184984466,"Los Angeles, CA","16000US0644000","los-angeles-ca",71669,4098,,NaN,,NaN,4.963227785167225
0,"Management, Business, Science, & Arts Occupations",2,"Education, Legal, Community Service, Arts, & Media Occupations",8,"Arts, Design, Entertainment, Sports, & Media Occupations",2013,"2013","04000US06","California",109791,2105.2071157014457,3.249058962445431,"Los Angeles, CA","16000US0644000","los-angeles-ca",96967,2718,,NaN,,NaN,6.143587063387654
0,"Management, Business, Science, & Arts Occupations",3,"Healthcare Practitioners & Technical Occupations",9,"Health Diagnosing & Treating Practitioners & Other Technical Occupations",2013,"2013","04000US06","California",49925,1411.3780499922761,0.7288174863526556,"Los Angeles, CA","16000US0644000","los-angeles-ca",161598,10677,,NaN,,NaN,2.7936587164670024
0,"Management, Business, Science, & Arts Occupations",3,"Healthcare Practitioners & Technical Occupations",10,"Health Technologists & Technicians",2013,"2013","04000US06","California",22008,1102.8966406694692,0.7064115627860382,"Los Angeles, CA","16000US0644000","los-angeles-ca",79149,3475,,NaN,,NaN,1.2315040767552485
1,"Service Occupations",4,"Service Occupations",11,"Healthcare Support Occupations",2013,"2013","04000US06","California",34990,1292.5911960090089,0.7762181957429931,"Los Angeles, CA","16000US0644000","los-angeles-ca",46540,2790,,NaN,,NaN,1.957939278701661
1,"Service Occupations",4,"Service Occupations",14,"Food Preparation & Serving Related Occupations",2013,"2013","04000US06","California",109825,2587.206988240407,1.0797180051842348,"Los Angeles, CA","16000US0644000","los-angeles-ca",32987,829,,NaN,,NaN,6.1454896051274615
1,"Service Occupations",4,"Service Occupations",15,"Building & Grounds Cleaning & Maintenance Occupations",2013,"2013","04000US06","California",111311,2322.8000344411917,1.557229863395814,"Los Angeles, CA","16000US0644000","los-angeles-ca",32182,798,,NaN,,NaN,6.228641870579039
1,"Service Occupations",4,"Service Occupations",16,"Personal Care & Service Occupations",2013,"2013","04000US06","California",89738,2139.676844759507,1.3868003172712995,"Los Angeles, CA","16000US0644000","los-angeles-ca",32583,1553,,NaN,,NaN,5.021479136671324
1,"Service Occupations",5,"Protective Service Occupations",12,"Fire Fighting & Prevention, & Other Protective Service Workers Including Supervisors",2013,"2013","04000US06","California",23850,1073.505006974816,1.080638465994251,"Los Angeles, CA","16000US0644000","los-angeles-ca",45576,2564,,NaN,,NaN,1.3345770733648072
1,"Service Occupations",5,"Protective Service Occupations",13,"Law Enforcement Workers Including Supervisors",2013,"2013","04000US06","California",5952,507.3263249625432,0.33066086333540506,"Los Angeles, CA","16000US0644000","los-angeles-ca",141958,7547,,NaN,,NaN,0.33305671868626135
2,"Sales & Office Occupations",6,"Sales & Office Occupations",17,"Sales & Related Occupations",2013,"2013","04000US06","California",193998,3246.1552643088407,0.9921002132439932,"Los Angeles, CA","16000US0644000","los-angeles-ca",50010,1146,,NaN,,NaN,10.85556742468033
2,"Sales & Office Occupations",6,"Sales & Office Occupations",18,"Office & Administrative Support Occupations",2013,"2013","04000US06","California",223116,3274.309240129893,0.9113454804769628,"Los Angeles, CA","16000US0644000","los-angeles-ca",57329,898,,NaN,,NaN,12.484926553495276
3,"Natural Resources, Construction, & Maintenance Occupations",7,"Natural Resources, Construction, & Maintenance Occupations",19,"Farming, Fishing, & Forestry Occupations",2013,"2013","04000US06","California",5917,625.8154680095404,0.45564084151651596,"Los Angeles, CA","16000US0644000","los-angeles-ca",32097,2402,,NaN,,NaN,0.33109821983645976
3,"Natural Resources, Construction, & Maintenance Occupations",7,"Natural Resources, Construction, & Maintenance Occupations",20,"Construction & Extraction Occupations",2013,"2013","04000US06","California",94793,2387.3066413848055,1.0498869568029081,"Los Angeles, CA","16000US0644000","los-angeles-ca",43110,5917,,NaN,,NaN,5.3043423276926704
3,"Natural Resources, Construction, & Maintenance Occupations",7,"Natural Resources, Construction, & Maintenance Occupations",21,"Installation, Maintenance, & Repair Occupations",2013,"2013","04000US06","California",45625,1433.9107364128354,0.7763904576763372,"Los Angeles, CA","16000US0644000","los-angeles-ca",57638,4996,,NaN,,NaN,2.5530431434913767
4,"Production, Transportation, & Material Moving Occupations",8,"Production, Transportation, & Material Moving Occupations",22,"Production Occupations",2013,"2013","04000US06","California",114820,2521.797176618294,1.0798518116169875,"Los Angeles, CA","16000US0644000","los-angeles-ca",38467,617,,NaN,,NaN,6.424995369549149
4,"Production, Transportation, & Material Moving Occupations",8,"Production, Transportation, & Material Moving Occupations",23,"Transportation Occupations",2013,"2013","04000US06","California",53970,1673.2163637736753,0.8503914134787881,"Los Angeles, CA","16000US0644000","los-angeles-ca",51570,2013,,NaN,,NaN,3.0200052263940735